Spanish,English
que,that
no,No
a,to
de,of
la,the
y,and
me,I
es,it is
lo,it
qué,what
el,the
en,in
por,for
se,I know
con,with
un,a
ya,already
para,for
mi,me
una,a
está,is
los,the
si,Yes
las,the
más,more
del,of the
yo,I
pero,but
le,him
eso,that
todo,all
como,how
muy,very
su,his
o,or
al,to the
así,so
esta,this
son,are
te,you
bien,good
porque,because
nada,none
sé,he
hacer,to do
tiene,has
hay,there are
ahora,now
ser,to be
mucho,much
cuando,when
también,also
vez,time
sí,Yes
nos,us
ver,to see
esto,this
este,this
algo,something
ese,that
ahí,there
mejor,better
dos,two
cómo,What
vamos,we go
tengo,I have
esa,this
tiempo,time
día,day
voy,I go
bueno,Okay
fue,it was
puede,can
todos,everybody
era,it was
hace,does
les,them
va,goes
pasa,happens
siempre,always
otra,other
uno,one
estoy,am
quiero,I want
estar,to be
están,they are
hasta,until
estaba,I was
sin,without
gracias,Thank you
él,the
quién,who
vida,life
dónde,where
cosas,stuff
creo,I think
tenemos,we have
otro,other
aquí,here
mí,my
ni,neither
solo,only
nunca,never
verdad,TRUE
nosotros,us
tres,three
estás,are
puedo,Can I
ir,to go
tener,to have
tu,your
gente,people
decir,tell
estamos,we're
mis,my
soy,am
entonces,then
casa,House
después,after
poco,little bit
favor,favour
tan,so
nadie,no one
antes,before
años,years
vas,you go
van,go
mismo,same
hoy,today
desde,since
quiere,wants
sus,their
toda,all
cosa,stuff
sea,be
momento,moment
menos,less
cuenta,bill
da,gives
ella,she
claro,Sure
mañana,morning
días,days
unos,some
sabe,knows
dije,said
dice,He says
tenía,I had
ha,he has
hablar,speak
parece,It seems
gusta,like
alguien,someone
quería,wanted
muchas,many
donde,where
había,there was
mundo,world
tanto,so much
pasó,I pass
salir,leave
veces,times
viene,comes
todas,all
dar,to give
tal,such
hecho,done
pasar,spend
noche,night
igual,Same
estos,these
cada,each
haciendo,making
iba,I was going
hombre,men
saber,to know
podemos,can
tienen,have
tú,your
hola,hello
madre,mother
trabajo,worked
fuera,outside
mira,look
dijo,said
digo,say
tus,your
buena,good
seguro,sure
mal,wrong
ellos,they
casi,almost
entre,Come in
conmigo,with me
único,unique
veo,I see
hora,hour
cinco,five
siento,I feel
dejar,let
todavía,yet
haber,to have
falta,lack
hijo,son
ve,go
tampoco,either
parte,part
llegar,get
cuatro,four
eh,Hey
sabes,you know
he,He
venir,to come
somos,are
ah,ah
familia,family
esos,those
hago,I make
unas,nail
queda,remains
buen,good
además,what's more
luego,later
ven,come
tarde,afternoon
buenas,good
primero,first
señor,mister
lugar,place
nuestro,our
sabía,I knew
pues,well
primera,first
sobre,on
ves,you see
usted,you
amor,love
cualquier,any
nuestra,our
tienes,you have
necesito,needed
allá,there
dios,god
importante,important
ay,Oh
sido,been
eres,are
mujer,woman
venga,come on
han,they have
vaya,wow
estas,these
mamá,breast
cara,expensive
lado,side
cabeza,head
llama,call
quieres,you want
padre,dad
mano,hand
papá,father
perdón,sorry
problema,issue
poder,can
pasado,past
cuidado,watch out
dicen,They say
ti,you
ustedes,your
volver,return
mucha,a lot
nombre,Name
nuevo,new
idea,idea
caso,case
visto,viewed
algún,some
horas,hours
esas,those
estado,condition
tomar,drink
cuál,which
cuánto,how many
hablando,talking
miedo,fear
vi,saw
alguna,some
hizo,made
dicho,saying
acuerdo,agreement
aunque,though
hacemos,we make
grande,great
puedes,you may
razón,reason
mío,Own
cuándo,when
buenos,good ones
importa,It matters
amigo,dude
ningún,none
pueden,they can
deja,let
amigos,friends
serio,I laughed
haces,you do
puerta,gate
hacen,make
persona,person
poner,put
fui,I was
vivir,to live
fin,finish
arriba,up
año,year
entiendo,I get it
pensar,to think
gran,great
hice,I did
quieren,They want
muchos,Many
vale,okay
será,will be
tipo,Type
debe,must
has,you have
seguir,continue
dio,it gave
difícil,hard
vino,came
agua,Water
espera,wait
final,final
toma,taking
diez,ten
contigo,with you
dinero,money
quedar,stay
medio,medium
acá,here
manera,way
hubiera,had
hemos,we have
llevo,wear
haga,make
poquito,a little
adelante,ahead
buscar,Search
podía,could
juntos,together
fácil,easy
eran,were
oye,hears
sigue,follow
sería,would
comer,to eat
suerte,luck
tranquilo,calm
manos,hands
señora,Mrs
cierto,certain
sola,alone
llevar,wear
paso,step
dentro,within
pensé,I thought
rápido,Quick
vemos,we see
entrar,get in
podría,could
crees,You believe
trabajar,to work
última,last
minutos,minutes
semana,week
hija,daughter
vengo,I come
sale,comes out
atrás,behind
seis,six
pasando,going
hijos,sons
habla,speech
mientras,while
punto,point
fuerte,strong
segundo,second
dale,Go ahead
ayudar,help
ninguna,none
misma,same
dormir,sleep
historia,history
diga,Say
llegó,I arrive
tenido,Dyed
esperando,hoping for
dame,give to me
tenga,have
encontrar,find
gusto,taste
haya,is
buscando,searching
peor,worse
meses,months
hermano,brother
problemas,problems
quien,who
corazón,heart
anda,walk
ayuda,aid
lleva,carries
primer,first
contra,against
conozco,know
diciendo,saying
dices,You say
encima,over
di,gave
das,you give
tranquila,quiet
mía,mine
nueva,new
cambiar,change
listo,clever
feliz,happy
tuve,I had
perfecto,perfect
ojos,eyes
cambio,change
loco,crazy
saben,They know
sacar,take
contar,count
dado,given
último,latest
preocupes,worry
pregunta,Question
otras,others
pronto,early
país,country
creer,believe
dijiste,said
hacerlo,do it
ayer,Yesterday
cerca,close
abajo,down
culpa,fault
sabemos,we know
personas,people
llamar,to call
muerto,dead
ganas,desire
forma,form
estábamos,We were
pedir,ask
rato,little while
llamo,called
otros,others
bajo,bass
ocho,eight
hagas,you do
perder,lose
empezar,start
doy,give
hacía,towards
vuelta,lap
justo,just
bastante,Quite
digas,you say
noches,nights
camino,road
llega,arrives
siquiera,even
siendo,being
nuestros,our
esté,East
teléfono,telephone
pase,happens
esperar,expect
pensando,thinking
paz,peace
dejó,let
cuerpo,Body
realidad,reality
número,number
sentido,sense
niño,little boy
quedó,It was
espero,wait
mierda,shit
cree,Believe
mujeres,women
estabas,You were
mil,one thousand
fueron,were
pone,places
demás,the rest
ejemplo,example
decía,He said
pena,grief
pueda,I can
única,only
gustaría,would like
puta,bitch
pienso,I think
acaba,just
queremos,we want
estaban,They were
lejos,far
palabra,word
puesto,Market Stall
luz,light
viste,dresses
adónde,where to
vivo,live
normal,normal
vienen,they come
raro,rare
ido,gone
tuyo,yours
dime,tell me
quieras,You want
seas,You are
hablamos,We speak
meter,to put
niños,kids
allí,over there
mayor,elderly
oportunidad,chance
trabajando,working
calle,street
baño,bath
tema,theme
sino,otherwise
darle,give him
demasiado,too
atención,attention
mire,Look
vámonos,Let's go
posible,possible
par,pair
hombres,mens
permiso,permission
matar,to kill
muerte,death
mala,bad
estuve,was
joven,young man
toca,touches
tuvo,He had
viaje,trip
dejo,left
entender,to understand
e,and
siete,seven
adiós,bye
foto,Photo
dijeron,They said
dan,give
solamente,only
necesita,needs to
pagar,to pay
salió,he left
viejo,old
viendo,seeing
morir,To die
imposible,impossible
hiciste,did
estuvo,he was
déjame,let me
vayas,go
vive,it lives
fiesta,party
quiera,want
edad,age
adentro,indoors
comida,food
nuestras,ours
policía,policeman
bonito,nice
piensa,think
boca,mouth
traje,costume
querer,want
jugar,play
duro,Lasted
conocer,know
pido,I ask
vuelve,Come back
juro,I swear
ciudad,city
decirle,Tell him
aún,even
salud,Health
malo,bad
debería,should
conoce,known
chica,girl
afuera,outside
situación,situation
ropa,clothing
tierra,Earth
alto,tall
supuesto,supposed
libre,free
algunos,Some
segura,safe
necesitamos,need
sangre,blood
habrá,there will be
trata,about
frente,front
cuarto,fourth
escuchar,listen
hermana,sister
encanta,loves
vio,he saw
especial,special
resto,rest
principio,beginning
media,half
amiga,friend
verte,to see you
puso,put
querido,Dear
chicos,Boys
recuerdo,memory
teníamos,we had
encuentro,meeting
pensaba,thought
vea,See
jefe,boss
vete,go away
cama,bed
venido,I come
comprar,to buy
pongo,I put
siguiente,Next
niña,little girl
terminar,end up
acabo,finished
hacia,towards
delante,in front of
hubo,there was
uy,oh
vine,came
jamás,Never
voz,voice
hicieron,they made
detrás,behind
venía,came
pelo,hair
quedan,They remain
dé,of
derecho,law
sorpresa,surprise
acabó,just
durante,during
cuántos,many
realmente,Really
mensaje,message
futuro,future
don,Don
cuento,story
música,music
increíble,incredible
hablo,talked
personal,staff
vuelvo,I come back
perdido,lost
loca,crazy
deje,leave
novia,girlfriend
fuiste,you were
clase,class
exactamente,exactly
tuya,yours
mejores,top
chico,boy
empieza,begin
marido,husband
capaz,capable
perfectamente,perfectly
tenías,You had
gustan,like
verlo,see him
significa,it means
sirve,it serves
baja,short
padres,fathers
regalo,gift
grandes,large
empezó,it started
ibas,You were
suficiente,enough
llegado,arrived
juego,play
dejé,leave
fondo,background
tío,uncle
querías,You wanted
hablas,speak
murió,he died
trae,Bring
dejado,left
cariño,sweetie
partir,leave
daño,damage
dando,giving
basta,Enough
llegamos,we arrived
palabras,words
silencio,silence
montón,lot
aire,air
señores,Sirs
relación,relationship
cuanto,how much
pueblo,village
gana,Win
tanta,So much
sentir,feel
largo,length
algunas,some
dile,tell him
beso,kiss
café,coffee
encontré,I found
escucha,listen
mes,month
entra,enters
perro,dog
hambre,hunger
según,according to
semanas,weeks
entiende,understands
lista,ready
debo,I shall
fotos,Photos
siente,Feel
dolor,pain
quedo,I remain
centro,center
íbamos,we were going
llamado,called
segunda,second
frío,cold
ajá,AHA
plan,plan
respeto,respect
muchísimo,very much
pobre,poor
salga,out
tocar,play
conoces,you know
acuerdas,You agree
hicimos,we did
existe,exists
señorita,Miss
oh,Oh
tardes,afternoon
sueño,sleep
quedado,left
fuimos,went
mitad,half
busca,search
repente,Suddenly
bonita,pretty
ojalá,I wish
conseguir,get
vayan,go
pude,I could
médico,medical
tengas,Have
cuántas,how many
abre,opens
llamas,calls
lleno,full
empezamos,We start
vieja,old woman
seguridad,security
anoche,last night
confianza,confidence
duele,hurts
podido,I have
diferente,different
mentira,lie
seguimos,We continue
pie,foot
bajar,go down
pequeño,little
información,information
entiendes,You understand
ocurre,occurs
ganar,gain
preguntas,questions
dieron,They gave
sigo,I follow
preguntar,to ask
habían,They were
estés,be
caer,fall
fuerza,strength
deben,They must
encuentra,find
llevas,You carry
corre,runs
cállate,shut
vienes,you come
abrir,open
cuesta,cost
piensas,You think
error,mistake
grupo,cluster
iban,were going
suena,sounds
hablado,spoken
piso,flat
parar,stop
usar,use
nueve,nine
doctor,doctor
hospital,hospital
temprano,early
ojo,eye
estará,will be
novio,boyfriend
orden,order
estaría,It would
metido,involved
pensado,thought-out
llegué,I arrived
aprender,to learn
necesitas,you need
quedamos,we stay
propia,own
corriendo,in a hurry
zona,zone
sabías,You knew
mesa,table
seguramente,surely
noticia,News
prefiero,I prefer
habría,there would be
llego,arrived
llamada,call
pudo,could
cuentas,accounts
cualquiera,any
quedé,I stayed
eras,ages
llevamos,we carry
ey,Hey
equipo,equipment
pidió,asked
prueba,Test
funciona,works
llorar,mourn
quede,remain
supongo,I guess
escuela,school
próxima,next
trabaja,works
negro,black
ante,in view of
llevó,wear
control,control
incluso,even
imagino,I imagine
coche,car
viva,live
apenas,barely
deberías,you should
echar,throw
suyo,yours
llamó,I call
sean,Sean
habíamos,We had
prometo,I promise
contrario,contrary
sitio,place
gustó,taste
quiénes,Who is it
duda,doubt
cielo,darling
tendría,would have
cayó,it fell
varios,several
puse,I put
pedido,order
partes,Parties
esposa,wife
tía,aunt
decisión,decision
ellas,they
traer,bring
sol,sun
sientes,you feel
saliendo,coming out
cae,falls off
tenían,They had
llamaba,I called
alma,soul
escúchame,listen to me
lindo,pretty
interesa,interests
vuelva,Return
irme,Go
solos,alone
ninguno,none
daba,gave
negocio,business
linda,pretty
grave,serious
hacerle,do
traigo,I bring
mando,I send
tantas,many
secreto,secret
minuto,minute
vista,view
fuego,fire
dejan,leave
éramos,We were
cárcel,jail
preocupe,worry
decirte,tell you
habitación,room
explicar,explain
nota,note
quise,I wanted
accidente,accident
quédate,stay
dirección,address
momentos,Moments
correr,run
compañeros,companions
subir,go up
llena,full
total,total
idiota,moron
jugando,Playing
vergüenza,shame
propio,own self
salido,stepped out
golpe,blow
pasan,pass
mirando,looking at
oiga,Listen
sepa,Know
hable,I talked
placer,pleasure
hagan,do
habías,You were
pareja,partner
volvió,went back
conocí,I met
broma,joke
derecha,right
perdóname,forgive me
rico,rich
terminó,term
cocina,kitchen
varias,several
gustaba,liked
hotel,hotel
resulta,result
hermanos,brothers
perdona,sorry
yendo,going
totalmente,totally
conocido,known
parecía,looked like
quisiera,I would like
trato,deal
disculpe,excuse me
pidiendo,asking
pies,feet
asunto,affair
cargo,position
precisamente,precisely
arreglar,arrange
reunión,meeting
pedí,I asked
manda,Send
haría,would do
tiro,threw
viviendo,living
público,public
pago,payment
locura,craziness
tomando,taking
real,real
pequeña,small
oficina,office
siga,Follow
guerra,war
imbécil,fool
aparte,besides
estén,are
peligroso,dangerous
bailar,dance
ten,Ten
podrías,could you
diría,would say
alta,high
saca,pulls out
veía,I saw
suelo,I usually
general,general
tranquilos,quiet
contó,told
dejes,Leave
poniendo,putting up
tantos,so many
cámara,camera
encontrado,found
muere,go dead
papel,paper
siéntate,Sit down
extraño,weird
carrera,race
aparece,appear
vender,sell
dejas,you let
cuestión,question
importantes,important
presente,Present
amo,love
cuidar,look after
absolutamente,absolutely
quizás,maybe
nervioso,highly strung
evitar,avoid
llaman,They call
chicas,girls
noticias,news
estuviera,I was
pones,You put
feo,ugly
perdí,I missed
verás,you'll see
tendrá,will have
déjalo,leave it alone
familiar,family
salen,They leave
joder,fuck
andar,walk
entendido,it is understood
llegue,I arrived
posibilidad,possibility
tras,after
blanco,white
carajo,fuck
encargo,charge
hablé,I talked
descansar,rest
decirme,Tell me
contacto,Contact
pongas,Put
triste,sad
habló,speak
llegaron,They arrived
trajo,He brought
salí,I left
probar,try
necesario,necessary
mandar,send
merece,deserves
verla,see it
bravo,Bravo
digamos,Let's say
cual,which
tuvimos,We had
alegría,happiness
cerrar,to close
mirar,look at
pide,asks
juan,John
maría,Maria
millones,millions
peligro,danger
debes,you should
huevos,eggs
ayudo,helped
servicio,service
recuerda,remember
ocurrió,It occurred
pasé,happens
conocemos,We know
dígame,tell me
simplemente,simply
acabar,finish
colegio,college
horrible,horrible
encontramos,we find
mar,sea
irse,leave
creen,They believe
salimos,we went out
lados,sides
cambiado,changed
espacio,space
pruebas,tests
ponga,Put
vengan,come
pesar,to weigh
suya,hers
verme,see me
cumpleaños,birthday
darte,to give you
acaban,they finished
experiencia,experience
dejamos,We leave
termina,ends
damos,we give
leer,read
cierra,Close
metió,put
diste,you gave
quedas,You stay
contado,Cash
vuelto,turned
llevan,They carry
quizá,Maybe
ponen,They put
preparado,prepared
aquel,that
quiso,He wanted
salida,exit
ayúdame,Help me
quita,remove
dejaste,You left
culo,ass
llegando,arriving
bienvenido,Welcome
pregunto,I ask
mete,put
entera,whole
destino,destiny
últimos,last
mandó,I send
tratando,trying
miren,Look
completamente,completely
nerviosa,nervous
puedas,You can
hacerme,make me
vuelvas,come back
parado,stopped
unidos,United
libertad,freedom
san,saint
hubieras,You would have
haz,make
hayas,be
necesitaba,needed
complicado,complicated
honor,honor
vueltas,rounds
perdió,lost
genial,cool
respuesta,response
espalda,back
toque,I touched
pasamos,we passed
línea,line
bebé,baby
arma,weapon
muerta,dead
vestido,dress
visita,visit
imagínate,go figure
muertos,dead
cumplir,comply
hacerte,make you
darme,give me
terrible,terrible
ponte,put
nacional,national
memoria,memory
peso,weight
dura,hard
tuviera,had
conocen,They know
calor,heat
plata,silver
muchachos,boys
muchacho,young guy
sigues,are you still
hagamos,let's do
canción,song
hablemos,let's talk
ley,law
guapa,beautiful
veas,go to S
hables,You speak
presentar,introduce
escucho,I'm listening
mente,mind
completo,complete
intentar,attempt
esfuerzo,effort
tirar,throw
época,epoch
matrimonio,marriage
cita,date
llamando,calling
papeles,papers
mata,Bush
dejaron,They left
hayan,have
menor,minor
profesional,professional
responsable,responsible
entrada,entry
terminado,finished
casas,houses
color,color
junto,together
venimos,we come
levantar,get up
cambia,Change
tiempos,time
diferencia,difference
querían,They wanted
entero,whole
españa,Spain
avión,airplane
odio,hatred
tratar,treat
calma,Calm down
lleve,I carried
podríamos,we could
recibir,to receive
cena,Dinner
tengan,have
doble,double
caja,cash register
susto,scare
éxito,success
llaves,keys
señal,sign
esperaba,I expected
entró,I enter
común,common
llegan,They arrive
tonto,fool
sentía,I felt
mismos,same
empresa,business
nosotras,we
abuela,grandmother
hermosa,beautifull
quieto,still
quitar,put off
parecer,look
dejen,Leave
sala,living room
cero,zero
quedarme,stay
explico,I explain
apareció,showed up
presento,I present
siguen,They continue
directamente,directly
bienvenidos,Welcome
saco,coat
come,eat
hablan,They speak
recién,newly
cabrón,dumbass
espérate,wait
carta,letter
apoyo,support for
ayude,help
guapo,Handsome
brazos,arms
den,den
nuevos,new
libro,book
larga,long
locos,crazy
enorme,enormous
nomás,no more
flores,flowers
llame,I called
escuché,listen
película,movie
opción,option
tome,take
des,des
cantidad,amount
sentí,I felt
deberíamos,we should
condiciones,conditions
felices,Happy
perfecta,Perfect
nivel,level
compañero,co-worker
nuevas,new
dormido,asleep
llevaba,I had
sube,goes up
segundos,seconds
ventana,window
pa,pa
espere,Wait
oficial,official
embarazada,pregnant
acaso,perhaps
cenar,diner
exacto,exact
contento,glad
salgo,I go out
depende,depends
escuchando,listening
interesante,interesting
toques,Touches
obra,construction site
deseo,desire
ocurra,occur
sal,Salt
piernas,legs
uh,UH
malas,bad
modo,mode
olvidar,forget
solución,solution
mover,move
santo,holy
vieron,They saw
oído,ear
intención,intention
diferentes,different
posición,position
estuvimos,We were
enseguida,right away
interior,inside
agradezco,I appreciate
traes,You bring
director,director
obviamente,obviously
esperanza,hope
culpable,guilty
sepas,know
inteligente,intelligent
hermoso,handsome
responsabilidad,responsibility
permite,It allows
pudiera,could
vimos,we saw
tira,strip
embargo,embargo
caminar,to walk
despierta,wake up
campo,countryside
intentando,trying
empecé,I started
barrio,neighborhood
preocupa,worries
muchísimas,many
opinión,opinion
vean,See
aviso,warning
consejo,tip
mueve,move
tomo,I take
izquierda,left
romper,break
alrededor,around
especie,species
permitir,allow
fíjate,notice
disculpa,Sorry
bar,bar
recuperar,retrieve
estudiar,to study
mantener,hold
compromiso,commitment
clases,lessons
pareció,it seemed
alguno,some
español,Spanish
irte,go
gustado,liked
creía,I believed
amigas,friends
obvio,obvious
partido,match
guardia,guard
listos,Ready
banco,bank
vengas,You come
necesitar,need
sacó,coat
preciosa,precious
faltaba,It was missing
cansado,tired
pan,bread
zapatos,shoes
tomado,taken
ponemos,We put
debajo,under
tercera,third
ahorita,In a bit
abogado,attorney
escapar,get away
molesta,upset
debemos,must
salvar,save
dueño,owner
supone,It supposes
digan,say
amable,gentle
huele,smells
necesidad,need
dudas,Doubts
milagro,miracle
directo,straight
viajar,to travel
pierde,misses
faltan,missing
valor,worth
jóvenes,youths
decidido,decided
marca,brand
pasaba,passed
primeros,first
josé,Joseph
abuelo,grandfather
enamorado,loved
felicidad,happiness
imagen,image
vidas,lives
hechos,facts
regresar,to return
contesta,answers
rey,king
felicidades,Congratulations
ratito,Ratito
llave,wrench
puro,pure
coger,take
quedarse,to stay
tomó,I take
encantado,delighted
animal,animal
distinto,distinct
presencia,presence
carlos,Charles
mató,killed
urgente,urgent
entregar,deliver
planes,Plans
riesgo,risk
rojo,red
mírame,Look at me
pedirle,Ask for him
oro,Prayed
paga,pay
matado,killed
precio,price
disculpas,apologies
basura,trash
radio,radio
sencillo,easy
mínimo,minimum
sistema,system
sueños,dreams
preparar,set up
leche,milk
través,through
conocía,I knew
volví,I returned
confiar,trust
cuéntame,Tell me
zebra,zebra
gordo,Fat
santa,Holy
estemos,let's
necesitan,They need
llegaste,you arrived
fe,faith
creí,I believed
simple,simple
acerca,about
enfermo,sick
encontró,he found
perdiendo,losing
cambió,change
asco,disgust
robar,Steal
maravilloso,wonderful
compartir,to share
puertas,doors
fecha,date
llorando,crying
intento,try
gracia,Grace
ruido,noise
pasada,pass
cortar,cut
cabo,cape
armas,weapons
meta,goal
aprovechar,take advantage of
rara,weird
prisa,rush
causa,cause
playa,beach
contando,counting
extraña,strange
perdone,Forgive
escuchado,listened
traído,brought
dejarlo,leave it
piel,skin
recordar,to remember
mirada,look
corta,short
compañía,company
inmediatamente,immediately
metas,goals
departamento,department
últimamente,lately
cuáles,which
caliente,hot
esperamos,we wait
dedo,finger
tuvieron,They had
queríamos,We wanted
formas,shapes
marcha,March
pocos,few
volvemos,We return
vivía,she lived
os,you
papi,Daddy
bienvenida,welcome
contenta,happy
encantaría,I would enchant
clientes,customers
proceso,process
escuchaste,you listened
conversación,conversation
firma,signature
puedan,can
olvida,Forget
teniendo,having
pusieron,They put
piensan,They think
verdadero,real
próximo,next
lugares,places
llevado,carried
durmiendo,sleeping
podrían,could
podías,You could
abierto,open
mayoría,most
aquella,that
onda,vibe
justicia,Justice
juez,judge
prensa,press
espérame,wait for me
olvidó,I forget
correcto,Right
encontraron,They found
televisión,TV
hiciera,made
ideas,Ideas
caro,expensive
busco,I search
valiente,brave
movimiento,movement
principal,major
tendrás,you will have
desastre,disaster
pasaron,They passed
verde,green
haberte,have you
esquina,corner
humano,human
base,base
metros,meters
escrito,written
solas,alone
lástima,pity
resolver,solve
mato,mato
llevaron,They carried
taxi,cab
vayamos,Let's go
casualidad,chance
sabido,known
recoger,pick up
acabas,You finish
abrazo,hug
vacaciones,holidays
presión,Pressure
tele,TV
usa,uses
vos,you
regreso,Return
tocó,touched
aseguro,I assure
novios,a couple
confía,Trust
cansada,Tired
detalles,details
actitud,attitude
río,river
tonta,silly
ayudando,Helping
datos,data
carne,meat
aguantar,endure
cuida,takes care
azul,blue
inglés,English
ello,it
decirlo,say it
llamamos,We call
déjeme,Leave me
mentiras,lies
cantar,sing
juntas,together
olvide,I forgot
ayudarte,help you
ocupado,occupied
banda,band
preguntando,asking
acompaño,accompany
llamé,I called
violencia,violence
fuerzas,forces
detalle,detail
enseñar,to teach
pareces,You seem
limpio,cleansed
hará,will do
social,Social
pecho,chest
juega,play
miles,Thousands
hacían,They did
méxico,Mexico
reina,Queen
enterar,find out
servir,serve
vuelo,flight
personalmente,personally
pelea,Fight
supe,I knew
ayudarme,help me
víctima,victim
tomé,take
corte,court
respira,Breathe
motivo,reason
lío,mess
suelta,loose
calles,streets
brazo,arm
mostrar,to show
decimos,We say
resultado,result
abierta,open
caminando,walking
corto,short
kilómetros,kilometres
paciencia,patience
pelear,quarrel
contrato,contract
pura,Pure
justamente,justly
estuviste,You were
demostrar,show
objetivo,objective
alegro,glad
fueras,You were
privado,private
puntos,points
disfrutar,to enjoy
reconocer,to recognize
altura,height
orgullo,pride
debía,should
hablaba,she spoke
doña,Mrs
celular,cell phone
niñas,Girls
pendiente,earring
suéltame,Let go
aceptar,to accept
viniste,did you come
auto,auto
muero,I die
irnos,Go
podamos,we can
siguiendo,Following
saberlo,know
buenísimo,Great
avisar,warn
tarjeta,card
ayudó,helped
sociedad,society
decidí,I decided
equivocado,wrong
parecen,they look like
escribir,to write
sacado,taken out
viejos,old
caído,fallen
camisa,T-shirt
viven,they live
ok,okay
querida,Dear
preocupado,concerned
programa,Program
manejar,handle
perros,dogs
entendí,understood
quieran,want
caballero,Knight
resultados,results
ataque,attack
sienta,Feel
meto,me to
finalmente,Finally
botella,bottle
acabamos,we finish
luna,Moon
ganado,livestock
refiero,I mean
molestar,bother
ponerle,put
poca,little
piedra,stone
hacerse,to be made
roto,broken
presidente,President
gobierno,government
órdenes,orders
luis,Lewis
asesino,assassin
trampa,trap
pesos,pesos
cuello,neck
nombres,Names
acción,action
quedaron,They were
conté,I counted
empezando,starting
arte,art
invito,I invite
comiendo,eating
fuertes,powerful
cerrado,closed
vivimos,We live
guarda,guard
cerveza,beer
estados,state
investigación,research
conviene,It is convenient
definitivamente,definitely
sigan,Follow
huevo,egg
creas,You believe
excelente,Excellent
iglesia,church
guste,Like
dispuesto,ready
proyecto,Project
enfrente,in front
hazme,Make me
oír,hear
prácticamente,practically
despacio,slowly
imaginar,To imagine
pared,wall
pregunté,I asked for
importancia,importance
pocas,few
máquina,machine
clara,clear
coño,cone
ángel,Angel
vente,Vente
acuerda,Agree
pedirte,Ask for you
haré,I will do
solucionar,sort out
borracho,drunk
pegar,paste
rica,delicious
ridículo,ridiculous
limpiar,clean up
estilo,style
maravilla,Wonderful
actuar,Act
repetir,repeat
olvidado,forgotten
compré,I bought
terminamos,finished
pinta,Pinta
orgulloso,proud
domingo,Sunday
dijimos,we said
negocios,business
guau,wow
cliente,client
celebrar,celebrate
maneras,ways
tuviste,You saw
errores,mistakes
premio,reward
lamento,lament
hubieran,there would be
vinieron,They came
malos,bad
edificio,building
relaciones,relations
animales,animals
familias,families
turno,turn
míos,mine
educación,education
costó,cost
mami,Mommy
papás,potatoes
agarrar,grab
infierno,hell
decisiones,decisions
atender,attend
cámaras,cameras
acompañar,accompany
casado,married
gustar,like
razones,reasons
aparecer,Appear
desayuno,breakfast
mentir,to lie
maestro,teacher
hubiese,there would be
fueran,They were
conseguido,achieved
dientes,teeth
hecha,made
pensamos,We think
aprendí,I learned
acto,act
trabajaba,I worked
serán,will be
vacío,empty
m,m
cálmate,take it easy
inocente,innocent
universidad,college
contestar,answer
defender,defend
lucha,struggle
estudio,study
consecuencias,impact
entrega,delivery
pasen,pass
enferma,ill
voluntad,Will
tomamos,we take
vuelves,You come back
elegir,to choose
vecinos,neighbours
pesado,heavy
recuerdas,remember
llevando,wearing
habido,There have been
natural,natural
deberían,They should
estando,being
revés,reverse
historias,stories
treinta,thirty
aguanta,hold
metiendo,getting
tipos,types
crea,creates
máximo,maximum
energía,Energy
pediste,You asked
copa,Cup
casos,cases
trajiste,You brought
dimos,We gave
muestra,sample
nació,was born
buscan,looking for
quedaba,It was
esposo,husband
dólares,Dollars
preocupada,worried
ex,ex
termine,I finished
pudiste,You could
tengamos,let's have
firmar,sign
clave,key code
respecto,regard
chiste,joke
bolsa,bag
mensajes,messages
podrá,can
consigo,with him
salieron,They left
sobra,surplus
pasas,raisins
igualmente,you too
decidir,to decide
quedarte,stay
sonrisa,smile
caras,faces
sabíamos,We knew
buscamos,We are looking for
decían,they were saying
mmm,Hmm
casar,marry
amistad,friendship
talento,talent
decirles,tell them
firme,sign
mintiendo,lying
vernos,see us
delito,crime
quítate,Remove
sacaste,You took out
metí,I put
estaré,I will be
muevas,move
ilusión,delusion
pega,job
famoso,famous
recuerdos,regards
libres,free
robo,Stole
parezca,It seems
haberlo,have
tirado,thrown
levanta,Raise
mires,look
vuelven,They come back
lunes,Monday
cuente,Count
belleza,beauty
ambulancia,ambulance
norte,north
pusiste,You put
volar,to fly
interés,interest
fría,cold
golpes,hits
enfermedad,illness
propósito,purpose
ponerme,put myself
llegas,you arrive
tendremos,we will have
quedando,staying
emoción,emotion
mandado,sent
enseñó,I teach
escuchas,You listen
podíamos,we could
reír,laugh
cola,tail
empiezo,start
formar,to form
salía,It came out
carro,car
droga,drug
nena,chick
averiguar,figure out
piense,Think
llamadas,calls
medios,media
documentos,Documents
revisar,check
estrella,star
invitar,invite
hazlo,do it
espectacular,spectacular
venta,sale
sur,south
material,material
preparando,preparing
vivido,vivid
funcionar,function
dulce,sweet
distancia,distance
veinte,twenty
crisis,crisis
volviendo,returning
intentado,trying
ponerte,putting yourself
sensación,sensation
ambiente,environment
llamaron,they called
súper,super
confío,I trust
mandé,I sent
misión,mission
restaurante,restaurant
internet,internet
decidió,decided
lengua,tongue/language
divertido,fun
darles,give them
luchar,to fight
defensa,defense
espíritu,spirit
sales,you go out/leave
pudimos,we could
desaparecer,disappear
ayudas,you help
sociales,social
versión,version
mismas,same (feminine)
descubrir,to discover
continuar,to continue
cerebro,brain
plaza,square
pedazo,piece
sacando,taking out
regaló,gave (as a gift)
mataron,they killed
club,club
modelo,model
pienses,you think
cobarde,coward
campeón,champion
jesús,Jesus
secretos,secrets
seamos,let's be
conseguí,I got
mías,mine (feminine)
carácter,character
iguales,equal (plural)
fiestas,parties/celebrations
tontería,nonsense
respirar,to breathe
cumple,birthday
pagado,paid
fumar,to smoke
pedro,Pedro (name)
gloria,glory
primo,cousin
entrevista,interview
entere,find out
sufrir,to suffer
hablaste,you spoke
andaba,was walking
baile,dance
explicación,explanation
agarra,grab
buscarlo,to look for it
ponerse,to put on
punta,tip/point
internacional,international
libros,books
existen,exist
corriente,current
uso,use
serás,you will be
pegado,stuck
figura,figure
naturaleza,nature
sentado,sitting
blanca,white
chiquita,small (feminine)
operación,operation
informe,report
pista,clue/track
ando,I walk/am walking
pistola,gun
mercado,market
imaginas,you imagine
condición,condition
cine,cinema
humor,humor
denuncia,complaint/report
veremos,we will see
calidad,quality
supiera,knew
temas,topics
gratis,free (of charge)
quedaste,you stayed
pobres,poor
pasos,steps
serie,series
excusa,excuse
especialmente,especially
termino,I finish
claramente,clearly
quienes,who
pierna,leg
mayores,older/greater
chao,bye
madres,mothers
alegra,makes happy
sombra,shadow
convencer,to convince
carga,load
costa,coast
robó,he/she stole
reglas,rules
pertenece,belongs
olvídate,forget it
local,local
maravillosa,wonderful
compra,purchase
detener,to stop
terminé,I finished
saludar,to greet
limpia,clean
últimas,last (plural)
pases,passes
parecido,similar
llames,you call
prohibido,forbidden
ma,mom
aeropuerto,airport
proteger,to protect
responder,to respond
testigo,witness
oyes,you hear
saque,take out
encerrado,locked up
tonterías,nonsense
nervios,nerves
familiares,relatives
señoras,ladies
declaración,declaration
dijera,he/she would say
entrando,entering
acabe,to finish
muera,to die
peores,worse
desgracia,disgrace
intenté,I tried
falso,false
tendrías,would have
robado,stolen
echa,done
vives,you live
gato,cat
trago,drink
enteré,found out
cartas,letters
virgen,virgin
entendiendo,understanding
abra,open
deuda,debt
camión,truck
pare,stop
salvo,except
arreglo,fix
silla,chair
detenido,detained
encuentre,find
hogar,home
pieza,piece
millón,million
comenzar,begin
pesadilla,nightmare
controlar,control
devolver,return
pasión,passion
coge,take
gritar,scream
crecer,grow
opciones,options
humanos,humans
dedos,fingers
efectivamente,effectively
luces,lights
costado,side
podían,could
distintas,different
patrón,pattern
junta,board
juicio,trial
maldito,damned
cosita,little thing
escándalo,scandal
estúpida,stupid
bomba,bomb
fútbol,soccer
agradecer,thank
derechos,rights
alcohol,alcohol
carretera,road
discutir,argue
seguros,insurance
herido,wounded
apellido,last name
veamos,let's see
cien,hundred
tratado,treaty
médicos,doctors
sacamos,we take out
seguido,followed
olvides,forget
darnos,give us
diario,daily
b,b
vaso,glass
pon,put
beber,drink
impresionante,impressive
puestos,positions
empezaron,they started
anterior,previous
duerme,sleep
capitán,captain
sr,mr
negra,black
profesor,professor
diablo,devil
perdonar,forgive
vinimos,we came
traen,they bring
ánimo,cheer up
invitados,guests
chiquito,little one
sucede,happens
guardar,save
corresponde,corresponds
elegante,elegant
supo,knew
películas,movies
canta,sing
visitas,visits
tendré,I will have
daría,I would give
calla,be quiet
entramos,we enter
dejarme,leave me
entienden,understand
precioso,beautiful
abrió,opened
ambos,both
fatal,fatal
posibilidades,possibilities
miro,I look
doce,twelve
nacido,born
maldita,damned
propuesta,proposal
enamorada,in love
rosa,pink
europa,europe
despacho,office
legal,legal
tarea,task
herida,wound
crimen,crime
tienda,store
cadáver,corpse
necesites,you need
emergencia,emergency
disculpen,sorry
crear,create
dejando,leaving
pagan,they pay
esperas,you wait
saqué,I took out
nací,I was born
tocado,touched
despertar,wake up
preguntó,asked
recibido,received
cuentes,tell
tuyos,yours
aun,even
pedimos,we ask
date,date
gritos,shouts
nariz,nose
mandan,they send
encuentras,you find
comido,eaten
rompió,broke
primeras,first
pequeños,small
ponía,I put
andas,you walk
amante,lover
bella,beautiful
enemigo,enemy
lograr,achieve
paciente,patient
gorda,fat
tranquilízate,calm down
baje,lower
repito,I repeat
genio,genius
desapareció,disappeared
civil,civil
explicaciones,explanations
acompañe,accompany
consiguió,got
echó,threw
despedida,farewell
esperen,wait
viera,would see
preparada,prepared
difíciles,difficult
lujo,luxury
pata,leg
verlos,see them
remedio,remedy
escondido,hidden
pasara,would happen
trabajas,you work
tendríamos,we would have
haremos,we will do
sentar,sit
aplauso,applause
diré,I will say
perdida,lost
podrás,you will be able
ritmo,rhythm
aires,airs
viernes,Friday
miguel,Miguel
sos,you are
jefa,boss
ama,love
prima,cousin
andan,they walk
capital,capital
acuérdate,remember
negar,deny
cuidando,taking care
enterado,aware
pásame,pass me
patas,paws
volviste,you returned
sigamos,let's continue
pongan,put
soltar,release
comunicación,communication
paro,stop
invitado,guest
bola,ball
números,numbers
desaparecido,disappeared
pollo,chicken
ocurrir,happen
estrellas,stars
acordar,agree
probable,probable
viniendo,coming
construir,build
comienza,begin
agente,agent
boda,wedding
ja,ha
oigan,listen
créeme,believe me
madrid,Madrid
visitar,visit
acepto,I accept
matan,they kill
investigar,investigate
verá,will see
protección,protection
besos,kisses
respetar,respect
pagando,paying
chino,Chinese
sentimientos,feelings
mereces,you deserve
sepan,know
sueldo,salary
ciento,hundred
escuche,listen
oferta,offer
verdadera,true
preguntarle,ask him/her
descansa,rest
encantan,they love
esconder,hide
salgas,go out
estudios,studies
decide,decide
escena,scene
echo,I miss
curso,course
hacías,you did
central,central
ocurrido,happened
responde,respond
descanso,rest
míralo,look at him
convertido,converted
estaríamos,we would be
inútil,useless
decidimos,we decided
empiezan,they start
subiendo,going up
pablo,Pablo
princesa,princess
barco,boat
ayudes,help
investigando,investigating
estúpido,stupid
salgan,go out
buscarla,look for her
montar,ride
arrepentir,regret
sigas,continue
haberme,having me
aguanto,I endure
mentiroso,liar
organizar,organize
personaje,character
encantada,delighted
alcanza,reaches
pensaste,you thought
caballeros,gentlemen
muriendo,dying
dirá,will say
tratamiento,treatment
diera,would give
magia,magic
tenerlo,have it
paquete,package
ocasión,occasion
sacaron,they took out
techo,roof
plato,plate
profundo,deep
abro,I open
imágenes,images
olor,smell
trabajado,worked
traía,brought
acabado,finished
cincuenta,fifty
original,original
mejorar,improve
entré,I entered
llevé,I took
decías,you said
fila,row
intenta,try
aquellos,those
distintos,different
video,video
oíste,you heard
perra,bitch
política,politics
sexo,sex
relájate,relax
redes,networks
horror,horror
echando,throwing
metiste,you put
paseo,walk
macho,male
salvó,saved
vivos,alive
pensó,thought
metes,you put
pudieron,could
reloj,watch
acceso,access
registro,record
copia,copy
trajeron,they brought
bailando,dancing
impresión,impression
buscas,you look for
estarás,you will be
favorito,favorite
entrado,entered
cerrada,closed
pendejo,idiot
siéntese,sit down
drogas,drugs
armar,assemble
show,show
abogados,lawyers
pendientes,earrings
maté,I killed
maleta,suitcase
cobrar,charge
caballo,horse
dispuesta,ready
escuchó,heard
prisión,prison
harta,sick
equivoqué,wrong
cura,priest
sucedió,happened
brindar,give
bonitas,beautiful
dormida,asleep
ofrecer,offer
camina,walks
debido,due
compró,bought
creemos,we believe
completa,complete
empecemos,let's start
cambiando,changing
palo,stick
esperan,they wait
ricos,rich
sabían,knew
volvamos,let's go back
recibe,receives
pedo,drunk
cuídate,take care
asuntos,matters
cojones,balls
vosotros,you all
moda,fashion
imaginé,imagined
debí,I should
váyanse,go away
mande,send
jodido,screwed
meterse,get into
pública,public
pida,ask for
conciencia,conscience
personales,personal
oí,I heard
sincero,sincere
propias,own
pasaste,you spent
aburrido,bored
empiece,start
hubiéramos,we would have
héroe,hero
dignidad,dignity
perdiste,you lost
complicada,complicated
contentos,happy
llevarlo,take it
consigue,get
colores,colors
aprendido,learned
oportunidades,opportunities
parada,stop
empezado,started
llegaba,arrived
tenés,you have
manuel,Manuel
antonio,Antonio
dígale,tell him
ejército,army
muchacha,girl
encargar,take charge
viejas,old
invitación,invitation
discúlpame,forgive me
preso,prisoner
bala,bullet
mate,maté
debió,should have
anillo,ring
moto,motorcycle
ofrece,offers
ocupada,busy
prometí,I promised
pastillas,pills
testigos,witnesses
invitó,invited
lleven,carry
saliste,you went out
cabe,fits
quedes,stay
acciones,actions
estuvieron,they were
meterme,get into
privada,private
meterte,get into
encargado,in charge
callado,quiet
volando,flying
contaste,you told
vende,sells
países,countries
harías,would you do
convertir,convert
prefieres,you prefer
pelota,ball
siguió,continued
sobrevivir,survive
pesada,heavy
paredes,walls
quince,fifteen
sábado,Saturday
conocimos,we met
venías,you were coming
vendría,would come
pérdida,loss
reconoce,recognize
u,or
viento,wind
arranca,start
hijas,daughters
divina,divine
fea,ugly
deme,give me
organización,organization
secretaria,secretary
quieta,quiet
escapó,escaped
rabia,rage
estrategia,strategy
parque,park
ganó,won
matando,killing
metieron,they put
desayunar,have breakfast
deber,duty
tomes,you take
servicios,services
amenaza,threat
contarte,tell you
tranquilidad,calm
sorprende,surprises
ganando,winning
sirvo,I serve
meten,they put
engañar,deceive
callar,shut up
gano,I win
capacidad,capacity
polvo,dust
piden,they ask
tercer,third
nacer,be born
curioso,curious
dejaba,left
desgraciado,unfortunate
socio,partner
reyes,kings
decís,you say
esperemos,let's hope
casada,married
cargar,load
salón,living room
vecino,neighbor
misterio,mystery
empieces,you start
letra,letter
cierre,closing
sacas,you take out
reconozco,I recognize
acompaña,accompany
capaces,capable
terreno,land
seré,I will be
brillante,bright
cierta,certain
probablemente,probably
confirmar,confirm
tocando,playing
llamen,call
irá,will go
medida,measure
hielo,ice
leí,I read
tercero,third
enemigos,enemies
policías,police
york,York
cruz,cross
artista,artist
contactos,contacts
pague,pay
grabar,record
piénsalo,think about it
coma,comma
renunciar,resign
rollo,roll
curiosidad,curiosity
propios,own
ganamos,we win
risa,laugh
cuánta,how much
falsa,false
gané,I won
perfil,profile
circunstancias,circumstances
conocerte,to meet you
cruzar,cross
red,network
presentó,presented
tómate,take
pides,you ask
recursos,resources
compro,I buy
sentimiento,feeling
moral,moral
llegada,arrival
vendrá,will come
particular,particular
presenta,presents
pánico,panic
chau,bye
rata,rat
jodas,mess
venganza,revenge
enfermera,nurse
carita,little face
traiga,bring
queriendo,wanting
fortuna,fortune
sabiendo,knowing
dímelo,tell me
sinceramente,sincerely
tráfico,traffic
adonde,where to
consciente,conscious
maneja,drives
tono,tone
tomas,you take
moleste,bother
espaldas,backs
cuadro,painting
encontraste,you found
ayudado,helped
cometido,committed
sacarlo,take it out
distinta,different
ladrón,thief
darse,give
echado,thrown
medidas,measures
queden,stay
absurdo,absurd
producto,product
azúcar,sugar
arreglado,arranged
cambios,changes
sucio,dirty
tamaño,size
llevarte,take you
cambie,change
podré,I will be able
acostumbrado,used to
roja,red
respuestas,answers
comprado,bought
oscuro,dark
fundamental,fundamental
taller,workshop
león,lion
déjala,leave her
refieres,you refer
solito,alone
área,area
montaña,mountain
débil,weak
peligrosa,dangerous
lavar,wash
estudiando,studying
página,page
vendiendo,selling
intentó,attempted
propiedad,property
sirva,serve
sufrido,suffered
papa,pope
estómago,stomach
déjate,let yourself
hacernos,make us
regalos,gifts
búsqueda,search
estaremos,we will be
alcanzar,reach
cómodo,comfortable
pasaría,would happen
venían,were coming
acompañado,accompanied
conexión,connection
pasará,will happen
gracioso,funny
sentimos,we feel
básicamente,basically
dará,will give
frase,phrase
desconocido,unknown
despierto,awake
idioma,language
armando,assembling
veras,you will see
marco,frame
disco,disk
discúlpeme,excuse me
clínica,clinic
lárgate,get out
gira,tour
escenario,stage
robaron,they stole
tragedia,tragedy
té,tea
perdimos,we lost
documento,document
compras,purchases
ruta,route
espejo,mirror
mundial,world
lamentablemente,unfortunately
pierda,loses
momentito,just a moment
positivo,positive
usando,using
largas,long
aprende,learn
preguntado,asked
levántate,get up
robando,stealing
efecto,effect
quemar,burn
superior,superior
bajó,went down
convirtió,turned
oigo,I hear
barato,cheap
desaparece,disappears
okey,okay
victoria,victory
mm,mm
váyase,go away
evento,event
shh,shh
cadena,chain
móvil,mobile
habéis,you have
peleando,fighting
sospechoso,suspicious
tenéis,you have
quitó,removed
sientas,feel
periódico,newspaper
orgullosa,proud
disparar,shoot
encantar,enchant
sufriendo,suffering
pecado,sin
promesa,promise
identidad,identity
asegurar,ensure
prometido,promised
comprobar,verify
cerdo,pig
entro,entered
recibió,received
saquen,take out
ayudarnos,help us
trabajan,they work
trabajamos,we work
planeta,planet
traigan,bring
acabaron,they finished
conozca,know
durar,last
rodillas,knees
miras,you look
pico,peak
llores,cry
pidieron,they asked
comunidad,community
viajes,travels
código,code
tiró,threw
cuarenta,forty
serían,would be
órale,all right
querés,you want
ándale,come on
socios,partners
hermanito,little brother
leo,I read
quite,take away
contarle,tell him
felicito,congratulate
besito,little kiss
puerto,port
fantasma,ghost
chocolate,chocolate
ilegal,illegal
tardar,delay
líder,leader
agarró,grabbed
batalla,battle
s,s
viniera,came
ejercicio,exercise
teatro,theater
sirvió,served
encuentran,they find
estación,station
tremendo,tremendous
convencido,convinced
retiro,retreat
propongo,I propose
cocinar,cook
ocupar,occupy
confesar,confess
escribió,wrote
tendrán,they will have
trabajos,jobs
olvido,I forget
costumbre,custom
notas,notes
absoluta,absolute
concepto,concept
campaña,campaign
entendiste,you understood
metida,involved
matarme,kill me
dejemos,let's leave
d,d
pelotas,balls
pegó,hit
regresa,returns
harto,tired
instrucciones,instructions
llamaste,you called
seria,would be
monstruo,monster
crédito,credit
américa,America
suficientes,enough
utilizar,use
egoísta,selfish
odia,hates
pantalones,pants
buscarte,look for you
fuéramos,we were
vía,via
diles,tell them
preparados,prepared
vuelvan,return
llévate,take
llenar,fill
seguí,I continued
llámame,call me
pelos,hair
importan,they matter
movimientos,movements
sed,thirst
buenísima,very good
volverá,will return
tirando,pulling
aquello,that
avisado,warned
reacción,reaction
demasiada,too much
planta,plant
cambian,they change
olvidé,I forgot
teoría,theory
grito,shout
toman,they take
desesperado,desperate
juventud,youth
doctora,doctor
camioneta,truck
celos,jealousy
empleados,employees
celoso,jealous
necesite,needs
aclarar,clarify
merezco,I deserve
mandaron,they sent
castigo,punishment
delicado,delicate
fiel,faithful
quito,I remove
salva,saves
motivos,reasons
suave,soft
compañera,partner
declarar,declare
alturas,heights
jardín,garden
efectivo,effective
ayudarle,help him
uniforme,uniform
mueva,move
incapaz,unable
maletas,suitcases
discurso,speech
supuestamente,supposedly
asiento,seat
regalar,give away
etapa,stage
vehículo,vehicle
puente,bridge
buscado,wanted
pregúntale,ask him
entran,enter
molesto,annoyed
estarán,they will be
parto,birth
sienten,feel
instante,moment
habrás,you will have
cuentan,tell
siglo,century
apaga,turn off
escribe,write
subí,I went up
periodista,journalist
descanse,rest
flor,flower
encerrada,locked up
dudo,doubt
competencia,competition
busque,look for
medicina,medicine
estupidez,stupidity
separar,split
obligación,obligation
whisky,whiskey
pensarlo,think about it
amar,love
nuevamente,again
pagó,paid
autoridad,authority
abandonar,abandon
dejarte,leave you
romántico,romantic
armado,armed
sirven,they serve
disparo,shot
urgencia,urgency
suba,get up
infarto,heart attack
sacarme,remove me
enviar,send
comienzo,start
prioridad,priority
subió,went up
tren,train
intentarlo,try it
tomen,take
evidentemente,evidently
buscarme,look for me
llevarme,take me
pierdo,I lose
suelto,loose
especiales,special
leyendo,reading
conseguimos,we get
seres,beings
límite,limit
metemos,we put
caen,they fall
sonar,sound
descubierto,discovered
convierte,turns
divino,divine
asesinato,murder
cositas,little things
flaco,skinny
militar,military
dueña,owner
terapia,therapy
novedad,novelty
apúrate,hurry up
gastos,expenses
uf,uff
colgar,hang up
bendición,blessing
expediente,file
segundito,just a second
despedir,say goodbye
inmediato,immediate
brindis,toast
faltar,miss
verle,see him
abran,open
teléfonos,phones
metan,put
suceder,happen
espectáculo,show
quitarle,take away
plena,full
profesionales,professionals
tensión,tension
gastar,spend
quitarme,take me away
firmado,signed
perdemos,we lose
encontraba,was
serlo,be
situaciones,situations
leído,read
continúa,continues
preguntan,ask
güey,dude
mirá,look
jorge,Jorge
bye,bye
julio,July
entendió,understood
entienda,understands
imagina,imagine
estáis,are
colaborar,collaborate
kilos,kilos
decente,decent
logró,achieved
territorio,territory
cometer,commit
contratar,hire
amén,amen
injusto,unfair
ayudarlo,help him
recomiendo,recommend
lección,lesson
pensabas,you thought
pedirme,ask me
salgamos,let's go out
ocultar,hide
madrugada,early morning
llegara,would arrive
fuente,source
humilde,humble
dándole,giving him
grupos,groups
escuchen,listen
mantiene,maintains
gesto,gesture
inicio,start
absoluto,absolute
falla,fault
atento,attentive
trataba,was about
venden,sell
experto,expert
motor,engine
humo,smoke
hacíamos,we did
típico,typical
antiguo,ancient
patio,courtyard
inteligencia,intelligence
rueda,wheel
felicitaciones,congratulations
ayudarla,help her
enteró,found out
soporto,endure
aguas,waters
dato,data
cago,shit
dejarla,leave her
traición,treason
sacarle,take out
navidad,Christmas
echarle,to throw
consejos,advice
preocuparte,worry
modos,ways
cuerpos,bodies
logrado,achieved
preocuparse,worry
sorpresas,surprises
heridas,wounds
echaron,they threw
planeado,planned
participar,participate
título,title
baila,dance
billetes,tickets
llamarme,call me
disfrutando,enjoying
sonido,sound
hacerla,do it
únicos,unique
organizado,organized
enterarse,to find out
árbol,tree
esconde,hides
regla,rule
subo,I go up
demos,give
explica,explain
puesta,put
raras,rare
partida,departure
lento,slow
rompe,breaks
conocida,known
lee,reads
infancia,childhood
sabés,you know
asistente,assistant
penal,penalty
porquería,trash
permítame,allow me
encantó,enchanted
víctimas,victims
hablarle,speak to him
periodistas,journalists
enfrentar,face
hermanas,sisters
envidia,envy
logramos,we achieve
gustas,you like
casarse,marry
asesinos,killers
recuerde,remember
avisa,notify
tumba,tomb
denunciar,denounce
angustia,anguish
sano,healthy
caiga,falls
saludos,greetings
cajas,boxes
comisión,commission
claras,clear
haberle,have him
cómoda,comfortable
muchísima,a lot
revista,magazine
lleves,take
insoportable,unbearable
cuchillo,knife
mapa,map
ideal,ideal
conociste,you met
sensible,sensitive
busqué,I searched
guardado,stored
pasear,to stroll
cumplido,completed
iría,would go
seguía,I continued
controlado,controlled
pesa,weighs
aprendiendo,learning
disfruten,enjoy
hacerles,make them
invita,invites
habrán,they will have
técnica,technique
huesos,bones
pinche,damn
ana,Ana
autoridades,authorities
fresco,fresh
garcía,García
examen,exam
delincuente,criminal
veré,I will see
pobrecito,poor little thing
aparezca,appear
avisas,you notify
famosa,famous
acepta,accepts
manejando,driving
temo,I fear
despacito,slowly
caigo,I fall
plano,flat
prestar,lend
temporada,season
interesado,interested
soportar,endure
hablaron,they spoke
decides,you decide
soledad,loneliness
oídos,ears
pintura,painting
drama,drama
inventar,invent
bajas,low
superar,overcome
pierdas,lose
ganaste,you won
preferiría,I would prefer
grabando,recording
explicarte,explain to you
queridos,dear
independiente,independent
entendemos,we understand
enseño,I teach
murieron,died
tratan,try
tocaba,touched
cayendo,falling
gritando,screaming
bolso,bag
conocimiento,knowledge
elegido,chosen
descubrí,discovered
caminos,paths
pusimos,we put
asustado,scared
esperado,expected
comen,eat
quinto,fifth
diego,Diego
negociar,negotiate
lópez,López
respeta,respects
fíjese,look
eche,throw
comercial,commercial
autorización,authorization
parió,gave birth
c,see
equivocada,wrong
ruego,I beg
resultó,turned out
bestia,beast
i,I
contarme,tell me
china,China
pasta,pasta
estarías,would be
discusión,discussion
maestra,teacher
refiere,refers
listas,lists
recibo,receipt
ofrezco,I offer
tomaste,you took
canto,singing
empleado,employee
gane,win
molestia,annoyance
cambiaron,changed
faltó,was missing
interrumpir,interrupt
tuyas,yours
volvieron,they returned
terminando,finishing
quitado,removed
coincidencia,coincidence
imaginaba,imagined
gas,gas
parezco,I seem
emociones,emotions
haberse,having
arregla,fix
terror,terror
madera,wood
funcionan,work
dámelo,give it to me
verano,summer
comemos,we eat
generación,generation
pilas,batteries
perdóneme,forgive me
mataste,you killed
agencia,agency
chance,chance
suplico,I beg
nieto,grandson
argentina,Argentina
vais,you go
tristeza,sadness
cuartos,rooms
vestida,dressed
fama,fame
tenerte,have you
vigilando,watching
cantando,singing
estuvieras,you were
oficio,trade
estrés,stress
confirmado,confirmed
cartera,portfolio
jode,fucks
encontrarlo,find it
conoció,met
desesperada,desperate
coches,cars
llevaste,you took
adultos,adults
bajando,going down
hayamos,we have
extranjero,foreign
quedará,will stay
mentido,lied
demasiadas,too many
labor,labor
aparecen,appear
pares,pairs
práctica,practice
podrán,they will be able
clima,climate
origen,origin
rápida,fast
existencia,existence
preguntaba,asked
vení,come
santiago,Santiago
compadre,friend
regrese,return
semejante,such
presentación,presentation
quédese,stay
enojada,angry
solita,alone
embarazo,pregnancy
sintiendo,feeling
divorcio,divorce
feria,fair
déjenme,let me
delincuentes,criminals
jefes,bosses
miserable,miserable
entrego,I deliver
quisiste,you wanted
ocupo,I occupy
iré,I will go
sospecha,suspicion
fallar,fail
funcionó,worked
evidente,evident
quedarnos,stay
llevarla,take her
análisis,analysis
queso,cheese
dejara,left
atentos,attentive
costar,cost
quedara,stay
salvaje,wild
útil,useful
disfruta,enjoy
cumplo,I fulfill
rostro,face
contamos,we count
juzgar,judge
acercar,bring closer
extra,extra
preguntes,ask
comenzó,began
fuese,were
antigua,ancient
entraron,they entered
cambié,I changed
encarga,in charge
fijo,fixed
permiten,allow
señales,signals
duros,hard
bolsillo,pocket
cuantos,how many
decido,I decide
horario,schedule
vacía,empty
desperté,I woke up
oscuridad,darkness
convertirse,become
apoyar,support
putas,whores
agenda,agenda
mina,mine
cómplice,accomplice
alcanzo,I reach
trate,try
honesto,honest
miel,honey
valió,was worth
lógico,logical
olvídalo,forget it
andando,walking
confías,you trust
payaso,clown
retirar,withdraw
lleguemos,we arrive
acompáñame,come with me
aprovechando,taking advantage
dolores,pains
arreglamos,we fix
conocerla,meet her
sabrá,will know
canal,channel
conociendo,knowing
barbaridad,outrage
casados,married
métete,get in
ventaja,advantage
tráeme,bring me
escuches,listen
disposición,disposition
servido,served
alcance,reaches
suyos,theirs
llegues,arrive
misa,mass
atiende,attend
aceptado,accepted
cojo,take
prepara,prepares
velocidad,speed
dedica,dedicates
domicilio,home
bolsas,bags
aventura,adventure
comes,you eat
miente,lies
volvería,would return
pensamiento,thought
papito,daddy
billete,ticket
operativo,operation
escúcheme,listen to me
imagínese,imagine
frontera,border
criminal,criminal
maten,kill
traidor,traitor
preocupen,worry
intereses,interests
sexual,sexual
regalito,little gift
evidencia,evidence
conveniente,convenient
hablen,talk
trató,tried
huellas,footprints
levante,lift
bote,boat
hazte,make yourself
pagarle,pay him
mírate,look at yourself
pidas,ask for
explique,explain
piedras,stones
prefiere,prefers
merecen,deserve
cuadra,block
arrepiento,regret
marcar,mark
vendió,sold
rumbo,course
asumir,assume
bonitos,beautiful
preocupados,worried
circo,circus
ciertas,certain
revisando,reviewing
descubrió,discovered
grano,grain
mandas,you send
enterrar,bury
dirás,you will say
valen,are worth
directa,direct
piensen,think
contaron,told
supieras,you knew
vendido,sold
abandonado,abandoned
sufrimiento,suffering
podremos,we can
jugamos,we play
fotografía,photography
entras,you enter
presentado,presented
alarma,alarm
muestras,samples
piezas,pieces
camiseta,t-shirt
firmes,firms
harás,you will do
daré,I will give
guardo,I keep
abiertos,open
antecedentes,background
cambiamos,we change
labios,lips
escapa,escapes
cargado,loaded
mercancía,merchandise
gol,goal
fiscal,prosecutor
bronca,anger
república,republic
pobrecita,poor little thing
canciones,songs
quietos,still
amas,love
extrañar,miss
matarlo,kill him
entregó,delivered
regresó,returned
bárbaro,barbarian
santos,saints
manejo,management
demonio,demon
leyes,laws
conocerlo,meet him
ponernos,put on
ministerio,ministry
ilusiones,illusions
conseguiste,you got
sacarte,take out
sana,heals
abrí,I opened
adivina,guess
mientas,while you lie
ayuden,help
inversión,investment
graves,serious
dispara,shoots
culpables,guilty
decirnos,tell us
pierdes,lose
avisó,he/she notified
límites,limits
medias,stockings
mochila,backpack
lágrimas,tears
cogido,taken
preparo,I prepare
valores,values
ciego,blind
casé,I married
colegas,colleagues
favorita,favorite
marcas,brands
plazo,term
pulso,pulse
copas,cups
caí,I fell
seco,dry
caída,fall
entenderlo,understand it
obtener,get
lógica,logic
nace,is born
cientos,hundreds
cajón,drawer
pequeñas,small
tendrían,would have
nacimiento,birth
político,political
celosa,jealous
gonzález,González
ratas,rats
lleguen,arrive
bendito,blessed
presa,prisoner
colmo,last straw
huyendo,escaping
condena,condemnation
representante,representative
prometió,promised
creerlo,believe it
porfa,please
sois,you are
fábrica,factory
huir,escape
rastro,trace
amenazó,threatened
celebrando,celebrating
universo,universe
sagrado,sacred
amenazas,threats
importar,to matter
acostumbrada,used to
acerques,approach
bosque,forest
testimonio,testimony
sacan,take out
pasillo,aisle
cumpla,fulfill
cercano,near
verlas,see them
traemos,we bring
arrancar,start
encontrarme,find me
soñé,I dreamed
suficientemente,sufficiently
aprovecha,take advantage
arrepentido,repentant
hombro,shoulder
pantalla,screen
profesión,profession
montado,assembled
platos,dishes
enseñado,taught
pongamos,let's put
popular,popular
saldrá,will come out
querría,would want
relacionado,related
saltar,jump
pondría,would put
adelantado,advanced
aproximadamente,approximately
representa,represents
probado,tried
izquierdo,left
guía,guide
colombia,Colombia
oyó,heard
podés,you can
marta,Marta
cállese,shut up
celda,cell
sobrino,nephew
delicioso,delicious
cuide,take care
lobo,wolf
mandaste,you sent
bajen,lower
venís,you come
traté,I tried
entierro,burial
creyó,believed
monte,mount
enamoré,I fell in love
sucia,dirty
ofreció,offered
echamos,we throw
paraíso,paradise
pasaporte,passport
decírselo,tell him
acompañas,accompany
tremenda,tremendous
consta,consists
oficiales,officials
prometiste,you promised
buscó,looked for
pum,bang
helado,ice cream
palacio,palace
actos,acts
parejas,couples
luchando,fighting
margen,margin
abandonó,abandoned
cubrir,cover
tirada,shot
menores,smaller
demuestra,demonstrates
despertó,woke up
humanidad,humankind
visión,vision
once,eleven
función,function
miran,look
importe,amount
cinturón,belt
miraba,looked
okay,okay
aló,hello
mamita,mommy
fernando,Fernando
joda,joke
che,hey
hey,hey
hermanita,little sister
hostia,host
lealtad,loyalty
suegra,mother-in-law
intenciones,intentions
amenazando,threatening
entiendas,understand
correo,mail
atacar,attack
poderoso,powerful
casarme,marry
supiste,you knew
declaraciones,declarations
funcionando,functioning
provecho,advantage
aburrida,bored
mandando,sending
quitaron,they removed
bañar,bathe
cumpliendo,complying
viuda,widow
tenerla,have her
miembros,members
decidiste,you decided
arroz,rice
arreglando,fixing
contestó,answered
salvaste,you saved
sucedido,happened
desea,wants
oyendo,hearing
obsesión,obsession
funcione,works
hablarme,talk to me
agarro,I grab
diferencias,differences
correcta,correct
creciendo,growing
responsables,responsible
traerme,bring me
colega,colleague
círculo,circle
esperándote,waiting for you
verdes,green
postre,dessert
máxima,maximum
pastilla,pill
levanto,I lift
beneficio,benefit
pleno,full
pego,I hit
ponerlo,put it
bajamos,we go down
empiezas,you start
duermo,I sleep
iniciar,start
saluda,greet
vendo,I sell
usan,they use
actual,current
cobra,charges
gustaban,liked
laura,Laura
francisco,Francisco
padrino,godfather
bolas,balls
jugada,move
narices,noses
aceptó,accepted
bruto,gross
príncipe,prince
persiguiendo,chasing
moviendo,moving
despedirme,say goodbye to me
agradecido,grateful
sospechas,suspicions
alerta,alert
tiros,shots
ábreme,open for me
pescado,fish
gallo,rooster
juzgado,court
amiguito,little friend
contestas,you answer
discreción,discretion
colaboración,collaboration
atreves,dare
engañó,tricked
terminan,end
cometió,committed
podéis,you can
interesar,interest
calmar,calm
cáncer,cancer
escondidas,hidden
abuso,abuse
decírtelo,tell you
dispuestos,ready
decida,decide
alegre,happy
riesgos,risks
insiste,insist
informar,inform
serías,would be
tuvieras,had
agradable,pleasant
preciso,precise
sentirse,feel
periódicos,newspapers
presupuesto,budget
fracaso,failure
tranquilamente,calmly
naranja,orange
comió,ate
comprando,buying
sabor,taste
principios,principles
dilo,say it
sabría,would know
sintió,felt
veníamos,we were coming
normalmente,normally
miembro,member
escribiendo,writing
físico,physical
pintar,to paint
enteren,find out
llamarte,call you
lluvia,rain
trabajó,worked
hablarlo,talk about it
violento,violent
resistencia,resistance
avanzar,advance
paró,stopped
volvía,was returning
alberto,Alberto
carmen,Carmen
cabrones,bastards
ángeles,angels
tantito,a little bit
cálmese,calm down
coca,cocaine
parís,Paris
enojado,angry
advierto,I warn
mas,more
disparó,shot
casita,little house
arriesgar,to risk
amores,loves
piscina,pool
balas,bullets
institución,institution
preocupar,to worry
cementerio,cemetery
mandamos,we send
queréis,you want
unidad,unit
creyendo,believing
ofreciendo,offering
empresario,businessman
fuentes,sources
aparecido,appeared
pedazos,pieces
arruinar,ruin
recibí,I received
discutiendo,arguing
comportamiento,behavior
echas,throw
acusado,accused
acabando,ending
borrar,erase
inocentes,innocents
rutina,routine
expliqué,I explained
llora,cries
pagas,you pay
tíos,uncles
formal,formal
objeto,object
inconsciente,unconscious
quiten,remove
sonríe,smiles
dudar,doubt
llevarse,take away
letras,letters
caos,chaos
botón,button
llevarle,take him
fines,ends
tomaron,took
elementos,elements
mueren,die
alternativa,alternative
fechas,dates
física,physical
repartir,distribute
llegará,will arrive
clásico,classic
contaba,told
pensábamos,we thought
iremos,we will go
sufre,suffers
daban,gave
apunta,points
hágame,make me
muñeca,doll
ramón,Ramón
secuestro,kidnapping
políticos,politicians
producción,production
empresas,companies
cuidadito,careful
auxilio,help
actriz,actress
afortunadamente,fortunately
confíe,trust
deudas,debt
hueco,hole
avisarle,notify him
informado,informed
explícame,explain to me
dueños,owners
armó,armed
perdono,I forgive
putos,whores
favores,favors
cueste,cost
equipos,teams
matas,you kill
preguntarte,ask you
matarte,kill you
cuido,I take care
afecta,affects
estate,be
judicial,judicial
hablarte,talk to you
cagado,shitted
obras,works
creído,believed
pagué,I paid
cumplió,fulfilled
personalidad,personality
reuniones,meetings
separados,separated
pagamos,we pay
deporte,sport
echan,throw
licencia,license
conflicto,conflict
fantástico,fantastic
imaginación,imagination
quitan,remove
ponle,put
rías,laugh
ayudan,help
toquen,touch
sorprendido,surprised
volumen,volume
buscaba,was looking for
profunda,deep
recorrer,travel
borde,edge
comandante,commander
cartel,poster
dama,lady
laboratorio,laboratory
l,L
contéstame,answer me
almuerzo,lunch
agarre,grab
operar,operate
pregunte,ask
rincón,corner
rescatar,rescue
clarísimo,very clear
equivoco,I am wrong
tela,fabric
proponer,propose
encuentren,find
pacientes,patients
aceptas,accept
tesoro,treasure
sacrificio,sacrifice
comunicar,communicate
sufrió,suffered
juntar,collect
nietos,grandchildren
uñas,nails
destruir,destroy
entrenar,train
atrevido,daring
compramos,we bought
besar,kiss
impedir,prevent
terminaron,ended
atreve,dare
rumores,rumors
porqué,why
mediodía,noon
estuvieran,were
rodeado,surrounded
entregado,delivered
enseñaron,taught
sencilla,simple
sabrás,you will know
acordé,remembered
millonario,millionaire
cortó,cut
doler,hurt
oficialmente,officially
vestir,to dress
empezaste,you started
dedicar,dedicate
escuchamos,we listen
muebles,furniture
permitido,allowed
quedaría,would stay
importaba,mattered
hablara,would talk
falte,lack
barra,bar
entraste,you entered
excepción,exception
comí,I ate
encontrarte,find you
llenos,full
cuarta,fourth
cruzado,crossed
intentamos,we try
sonreír,smile
repite,repeats
lana,wool
rapidito,quickly
oso,bear
soldado,soldier
sopa,soup
mentirosa,liar
jugo,juice
funeral,funeral
reunir,gather
herencia,inheritance
fiebre,fever
comentario,comment
mismísimo,very
preocupación,concern
panza,belly
líos,troubles
peleas,fights
logré,I achieved
paren,stop
veneno,poison
molestando,bothering
trabajadores,workers
engañando,deceiving
merecía,deserved
llévame,take me
excusas,excuses
escucharon,they heard
salsa,sauce
negativo,negative
ausencia,absence
crean,create
reaccionar,react
reacciona,reacts
sentirme,feel
tormenta,storm
tecnología,technology
ayudé,I helped
saludo,greeting
confundido,confused
quisieron,they wanted
recibiendo,receiving
ladrones,thieves
breve,brief
creías,you believed
económica,economic
pedirles,ask them
ríes,laugh
cuantas,how many
escuchan,listen
vivió,lived
engañado,deceived
demasiados,too many
esperanzas,hopes
cabezas,heads
impecable,impeccable
pierden,lose
truco,trick
ciencia,science
acompañarnos,join us
indica,indicates
apagar,turn off
cierro,close
recorrido,tour
elige,choose
humana,human
paran,stop
daniel,Daniel
hum,hum
martín,Martin
hacés,you do
mexicano,Mexican
fuga,escape
coraje,courage
zorra,vixen
cafecito,coffee
joyas,jewels
re,re
vestidos,dresses
caballos,horses
demanda,demand
grabación,recording
callada,quiet
ojitos,little eyes
renuncia,resignation
encontrarla,find her
audiencia,audience
propiedades,properties
consiga,get
pacto,pact
delitos,crimes
terminaste,finished
hundir,sink
contrató,hired
actor,actor
juegos,games
mintió,he lied
pistas,clues
caes,you fall
acompañarme,accompany me
española,Spanish
entrenamiento,training
enamoró,fell in love
acerque,approach
busques,you search
moneda,coin
tarda,takes
envió,he sent
verse,see each other
lindos,cute
malentendido,misunderstanding
esperabas,you expected
procedimiento,procedure
cuerda,rope
dosis,dose
presentes,presents
intenso,intense
cabello,hair
explotar,explode
durmió,slept
escribí,I wrote
exterior,exterior
escaleras,stairs
considero,I consider
contarles,tell them
rendir,perform
adelanto,advance
dejarnos,leave us
rencor,resentment
metro,subway
vela,candle
abriendo,opening
dejaría,would leave
aparentemente,apparently
grabado,recorded
ciertos,certain
abras,you open
juguetes,toys
limpieza,cleaning
obligado,obliged
escalera,staircase
botellas,bottles
ocasiones,occasions
posibles,possible
asustar,to scare
controla,controls
mezcla,mix
avance,advance
jugado,played
requiere,requires
abiertas,open
bebe,baby
jueves,Thursday
colgado,hung
definitiva,definitive
pantalón,pants
suele,usually
contratado,hired
genera,generates
mijo,my son
fresca,fresh
criminales,criminals
dele,give
estupideces,stupidities
póngase,put on
adoro,I adore
bello,beautiful
cargos,charges
lindas,pretty
puras,pure
sacarla,take her out
enojar,anger
rescate,rescue
igualito,just like
informes,reports
protocolo,protocol
soltera,single
brindemos,let's toast
locas,crazy
francia,France
escucharte,listen to you
pegue,hit
arriesgado,risky
despierte,wake up
vieras,you would see
sesión,session
delicada,delicate
sentada,sitting
aceite,oil
apuesto,I bet
fácilmente,easily
escape,escape
saques,you take out
echen,throw
dejarle,leave him
eterno,eternal
entren,enter
terminemos,let's finish
grado,degree
triunfo,triumph
resuelto,resolved
haberla,have her
encontremos,find
ronda,round
ponme,put me
reales,real
términos,terms
salvado,saved
adolescente,teenager
responsabilidades,responsibilities
conclusión,conclusion
sorprendió,surprised
asusta,scares
duelo,duel
in,in
confusión,confusion
ordenar,order
escapado,escaped
dirigir,direct
llenas,full
trabajé,I worked
carreras,races
identificar,identify
ansiedad,anxiety
volvimos,we returned
vínculo,link
estupendo,stupendous
subido,uploaded
ofrecido,offered
duró,lasted
seca,dry
aspecto,aspect
dedico,I dedicate
asusté,I scared
encantaba,loved
martes,Tuesday
ofrecieron,offered
influencia,influence
cortado,cut
entendía,understood
man,man
andrés,Andrés
ave,bird
demonios,demons
artistas,artists
marcado,marked
francés,French
bájate,get down
cuñado,brother-in-law
voto,vote
ayúdenme,help me
cancelar,cancel
andabas,you were
defendiendo,defending
admiro,I admire
mono,monkey
aguante,endurance
gallina,hen
gasolina,gasoline
verdaderamente,truly
siéntense,sit down
opinas,you think
equivoca,wrong
tarjetas,cards
hoja,sheet
habitaciones,rooms
avísame,let me know
grosero,rude
cumplí,I fulfilled
americano,American
ceremonia,ceremony
eché,I threw
obligó,forced
ganador,winner
tomada,taken
asustaste,you scared
eventos,events
arena,sand
disponible,available
agarré,I grabbed
compraste,you bought
enamorados,in love
suma,sum
suyas,theirs
curar,to heal
llevara,take
utilizando,using
saliera,leave
bastantes,quite a few
tenerlos,have them
reputación,reputation
incómoda,uncomfortable
idiotas,idiots
perdieron,they lost
amanecer,dawn
alas,wings
ducha,shower
entrevistas,interviews
pusiera,put
conociera,knew
sordo,deaf
abuelos,grandparents
usó,used
líneas,lines
robé,I stole
soñar,to dream
policial,police
próximos,next
recibimos,we received
actividad,activity
documentación,documentation
usado,used
asustando,scaring
estarían,would be
dejaré,I will leave
quema,burn
solucionado,solved
nerviosos,nervous
eligió,chose
mientes,you lie
quemado,burned
dedicas,dedicate
miento,I lie
esfuerzos,efforts
veíamos,we saw
apartamento,apartment
créame,believe me
david,David
ayúdeme,help me
ubicación,location
sánchez,Sánchez
chofer,driver
conteste,answer
señoritas,ladies
súbete,get on
desaparición,disappearance
vecina,neighbor
escoger,choose
tigre,tiger
martínez,Martínez
acostar,lie down
perrito,puppy
interesada,interested
vuestra,your
matamos,we kill
pensión,pension
cuentos,stories
invento,invention
viví,I lived
noto,I notice
déjelo,leave it
bendita,blessed
háblame,talk to me
artículo,article
orejas,ears
prometes,you promise
garantía,warranty
ruedas,wheels
interrogatorio,interrogation
cuales,which
batería,battery
insisto,I insist
logra,achieves
vinieras,you came
unión,union
devuelvo,I return
hueso,bone
enviado,sent
menudo,often
gustos,tastes
grites,you shout
llamarlo,call him
recuerden,remember
golpeó,hit
queja,complaint
termines,you finish
acercarse,approach
hicieras,you did
firmó,signed
perdamos,we lose
bandera,flag
pegarle,hit him
garganta,throat
explicas,explain
llevaban,they were carrying
miseria,misery
soñado,dreamed
sientan,feel
reconocido,recognized
rápidamente,quickly
intervención,intervention
afectado,affected
moverse,move
necesitábamos,we needed
tiré,I threw
fumando,smoking
javier,Javier
tomás,Tomás
mexicana,Mexican
bruja,witch
mexicanos,Mexicans
bodega,warehouse
ingeniero,engineer
rodríguez,Rodríguez
videos,videos
cagar,shit
suelte,release
advertí,I warned
bienes,goods
cayeron,they fell
entregue,deliver
cansé,I got tired
p,P
construcción,construction
traicionó,he betrayed
recompensa,reward
prométeme,promise me
agradecerle,thank him
homicidio,homicide
comentarios,comments
conversar,converse
asqueroso,disgusting
damas,ladies
presos,prisoners
the,the
rezar,pray
crema,cream
soltero,single
muestro,I show
pretende,intends
invertir,invest
claros,clear
encargó,he was in charge
poderosa,powerful
agradecerte,thank you
comedor,dining room
déjanos,let us
apetece,feel like
apuesta,bet
pónganse,put on
acepté,I accepted
criatura,creature
clarito,very clear
escondida,hidden
merecemos,we deserve
traigas,bring
tragar,swallow
trajimos,we brought
paguen,pay
administración,administration
pareciera,it would seem
produce,produces
necesidades,needs
plantas,plants
aceptarlo,accept it
técnico,technician
venda,bandage
joya,jewel
sitios,sites
corbata,tie
decírmelo,tell me
riendo,laughing
pegué,I hit
refería,referred
toco,I touch
ciudades,cities
duerma,sleep
abrimos,we open
mental,mental
comentar,comment
realizar,perform
doloroso,painful
vigilar,watch
generar,generate
herramientas,tools
sueltes,release
considera,considers
normales,normal
mañanas,mornings
podrido,rotten
conforme,according
hablaban,they spoke
entorno,environment
crece,grows
acababa,was finishing
enseña,teaches
acordaba,remembered
castillo,castle
cuénteme,tell me
concha,shell
carajos,damn
cantante,singer
bendiga,bless
leal,loyal
directora,director
atrapar,catch
chile,Chile
isla,island
jodiendo,messing around
tranquilas,calm
cagada,shit
párate,stand up
escondiendo,hiding
debiste,you should have
incendio,fire
servirle,serve him
traicionar,betray
acompáñeme,accompany me
agradecida,grateful
suéltalo,let it go
limón,lemon
confundida,confused
andamos,we walk
raya,line
sospechar,suspect
casarte,marry
asustada,scared
reto,challenge
deseos,wishes
cristo,Christ
oreja,ear
injusticia,injustice
actividades,activities
estuviéramos,we were
desgraciadamente,unfortunately
exagerado,exaggerated
prepare,prepare
conste,record
equivocando,making a mistake
preferido,preferred
autobús,bus
celebración,celebration
valga,is worth
ciudadano,citizen
asesinado,murdered
ayudara,helped
cultura,culture
muevo,I move
cuidarme,take care of me
promesas,promises
salidas,exits
conversaciones,conversations
recuperación,recovery
masa,dough
indicado,indicated
querrá,will want
receta,recipe
protegido,protected
sígueme,follow me
reconocimiento,recognition
raíz,root
pensaría,would think
principales,main
falleció,passed away
hilo,thread
mínima,minimal
bajes,get down
harán,they will do
arreglarlo,fix it
efectos,effects
naciste,you were born
roba,steals
impacto,impact
causas,causes
ventanas,windows
volveremos,we will return
pisar,step
regalado,given
neta,truth
pará,stop
franco,Frank
entendés,you understand
selva,jungle
sobrina,niece
candidato,candidate
tequila,tequila
galán,leading man
amiguita,little friend
soldados,soldiers
espéreme,wait for me
gimnasio,gym
nieta,granddaughter
suéltala,let her go
cancha,field
pizza,pizza
préstamo,loan
maquillaje,makeup
armados,armed
mosca,fly
fan,fan
materiales,materials
trabaje,I work
posiblemente,possibly
novela,novel
trates,try
prepárate,get ready
explosión,explosion
extrañas,strange
jodida,screwed
demostrado,demonstrated
fotografías,photographs
adelantar,to advance
restos,remains
entradas,entries
to,to
opina,opines
salte,jumps
revistas,magazines
estable,stable
importó,imported
encuentres,find
apagado,turned off
copias,copies
ofrecerle,offer him/her
inocencia,innocence
bienestar,well-being
equivocó,made a mistake
nadar,to swim
raza,race
pegaron,hit
robaste,you stole
compre,I buy
encerrados,locked up
digno,worthy
palos,sticks
reventar,to burst
cambiaste,you changed
cargando,charging
preparé,I prepared
conductor,driver
convenció,convinced
aniversario,anniversary
fantasía,fantasy
perderlo,lose it
preguntarme,ask me
triple,triple
sentimental,sentimental
apoya,supports
regresen,return
traerte,bring you
anuncio,announcement
llamara,called
inventó,invented
concreto,concrete
seguirá,will continue
injusta,unfair
reserva,reservation
celebrarlo,celebrate it
sepamos,we know
adecuado,appropriate
olla,pot
avanzando,advancing
cogí,I grabbed
altas,high
seremos,we will be
protege,protects
daños,damage
paramos,we stop
abres,you open
pudieras,you could
verán,they will see
héroes,heroes
levantado,raised
llevará,will take
suene,sounds
bajan,they go down
consecuencia,consequence
seguiremos,we will continue
colocar,place
hágale,do it
lucía,shone
decime,tell me
pinches,damn
muchachas,girls
euros,euros
infeliz,unhappy
cheque,check
diablos,devils
helicóptero,helicopter
gay,gay
cuídese,take care
corrupción,corruption
cuñada,sister-in-law
heridos,wounded
ocultando,hiding
sentencia,sentence
cañón,canyon
casó,married
dolió,hurt
échale,throw
inconveniente,inconvenience
explicarle,explain to him
invitada,guest
cuernos,horns
amaba,loved
españoles,Spanish
suicidio,suicide
compañeras,colleagues
permites,you allow
eches,throw
vaca,cow
envío,shipment
obligar,force
publicidad,advertising
generoso,generous
cuadras,blocks
look,look
largar,release
placa,plate
convencida,convinced
incómodo,uncomfortable
novedades,news
quédense,stay
garantizo,I guarantee
serios,serious
díselo,tell him
evitarlo,avoid it
fiar,trust
roma,Rome
terminen,finish
armada,armed
comentó,commented
retirarse,withdraw
vuela,flies
tomarse,take
protagonista,protagonist
trabajador,worker
intervenir,intervene
tocan,touch
temporal,temporary
unir,unite
baños,bathrooms
explicarme,explain to me
tomarte,take you
avisaron,they warned
internacionales,international
complejo,complex
pájaro,bird
conocías,you knew
actuación,performance
cerramos,we close
tapar,cover
bebida,drink
enseñé,I taught
ganan,they win
asegura,ensures
cierren,close
fallado,failed
elegí,I chose
dedicado,dedicated
enseñe,I teach
árboles,trees
cerrando,closing
guantes,gloves
perdidos,lost
escuchaba,was listening
cigarro,cigarette
bobo,fool
agentes,agents
pastel,cake
muévete,move
ratón, mouse
computadora,computer
cruzados,crusaders
londres,London
corra,run
ricas,rich
coja,take 
secuestrado,kidnapped
micrófono,microphone
protegiendo,protecting
metidos,put in
comisaría,police station
cogió,took
lavado,washed
respondo,I respond
sabéis,you know (formal)
logro,achievement
escritorio,desk
varón,male
archivos,files
busquen,look for
leyenda,legend
preocupo,I worry
acusar,to accuse
recupere,recover
amistades,friendships
puros,pure
únicamente,only
equivocas,you are wrong
rubia,blonde
aparato,appliance
intimidad,intimacy
bandeja,tray
comunicado,statement
empleo,job
chistes,jokes
aprovecho,I take advantage
fingir,to pretend
localizar,to locate
dormí,I slept
mantenga,maintain
tocas,you touch
duela,it hurts
permanecer,to remain
cállense,be quiet
simpático,sympathetic
hacéis,you do
profundamente,deeply
perseguir,to chase
traten,try
conjunto,set
pasemos,let's go
manden,send
hablaré,I will speak
empiecen,begin
encanto,charm
levantó,he/she/it raised
fáciles,easy
sábanas,sheets
velas,candles
productos,products
bicho,bug
prestado,borrowed
mueven,they move
mudo,mute
acceder,to access
salve,save
infantil,childish
separado,separated
limpiando,cleaning
escribo,I write
diciembre,December
implica,implies
encontrarse,to meet
ríe,laughs
crecido,grown
envía,sends
emocional,emotional
impulso,impulse
mérito,merit
expresión,expression
notado,noticed
tuvieran,they had
jornada,journey
hijita,little daughter
andá,go
fiscalía,prosecutor's office
suélteme,let me go
nene,kid
óyeme,listen to me
you,you
sincera,sincere
regresamos,we return
tragos,drinks
liberar,to release
vuestro,your (plural)
celulares,cell phones
ordenó,ordered
seguís,you continue
investigaciones,investigations
cometí,I committed
acusando,accusing
horribles,horrible
encargue,I commissioned
agarran,they grab
lastimar,to hurt
meterle,to put in
borracha,drunk
imbéciles,idiots
beneficios,benefits
impuestos,taxes
cuenten,count
patrulla,patrol
defenderme,to defend myself
torta,cake (slap)
legales,legal
arregle,I fix
confesión,confession
lotería,lottery
regala,gives away
vivas,live
relajado,relaxed
prometer,to promise
psicólogo,psychologist
alcanzó,reached
agarrado,grabbed
espiando,spying
tomarnos,let's have
cambias,you change
interesan,interest
intensa,intense
cambies,change
tomate,take
entiendan,understand
cruel,cruel
abandonada,abandoned
adiós, goodbye